question,A,B,C,D,answer
ما العنصر الذي يتم تحديثه في عملية تطوير البرمجيات؟,المنتج,الميزانية,الجدول الزمني,المواصفات,A
ما الأدوات التي تدعم منهجيات محددة في تطوير البرمجيات؟,أدوات التصميم,أدوات التطوير,أدوات الاختبار,أدوات الإدارة,B
ما العملية التي تتم في الخلفية وتعتبر جزءاً من أمن المعلومات؟,المراقبة,التحليل,التدقيق,التصديق,C
ما الدور الذي يلعبه المهندس في تطوير البرمجيات؟,محلل,مطور,مختبر,مدير مشروع,B
ما العملية التي تتم على البيانات في أمن المعلومات؟,التخزين,النقل,التحليل,التشفير,B
ما الأداة التي تستخدم للتحكم في الوصول في أمن المعلومات؟,جدار الحماية,برنامج مكافحة الفيروسات,نظام التشغيل,الشبكة الخاصة الافتراضية,A
ما العنصر الذي يتم تحديثه في شبكة الحاسوب؟,البروتوكولات,الأجهزة,البرمجيات,التوصيلات,C
ما العملية التي تتم على البيانات في شبكة الحاسوب؟,التخزين,النقل,التحليل,التشفير,B
ما الأداة التي تستخدم للتحكم في الوصول في شبكة الحاسوب؟,جدار الحماية,برنامج مكافحة الفيروسات,نظام التشغيل,الشبكة الخاصة الافتراضية,A
ما العنصر الذي يتم تحديثه في لوحة الأم؟,المعالج,الذاكرة,البيوس,الشرائح,C
ما العملية التي تتم على البيانات في لوحة الأم؟,التخزين,النقل,التحليل,التشفير,B
ما الأداة التي تستخدم للتحكم في الوصول في لوحة الأم؟,جدار الحماية,برنامج مكافحة الفيروسات,نظام التشغيل,الشبكة الخاصة الافتراضية,A
ما العنصر الذي يتم تحديثه في مهندس البرمجيات؟,المنتج,الميزانية,الجدول الزمني,المواصفات,A
ما العملية التي تتم على البيانات في مهندس البرمجيات؟,التخزين,النقل,التحليل,التشفير,B
ما الأداة التي تستخدم للتحكم في الوصول في مهندس البرمجيات؟,جدار الحماية,برنامج مكافحة الفيروسات,نظام التشغيل,الشبكة الخاصة الافتراضية,A
ما العنصر الذي يتم تحديثه في عتاد الحاسوب؟,البروتوكولات,الأجهزة,البرمجيات,التوصيلات,B
ما العملية التي تتم على البيانات في عتاد الحاسوب؟,التخزين,النقل,التحليل,التشفير,B
ما الأداة التي تستخدم للتحكم في الوصول في عتاد الحاسوب؟,جدار الحماية,برنامج مكافحة الفيروسات,نظام التشغيل,الشبكة الخاصة الافتراضية,A
ما العنصر الذي يتم تحديثه في أمن المعلومات؟,السياسات,الإجراءات,التقنيات,التدريب,C
ما العملية التي تتم على البيانات في أمن المعلومات؟,التخزين,النقل,التحليل,التشفير,D
ما هي العملية التي تضمن سلامة المعلومات في أمن المعلومات؟,التشفير,التخزين,النقل,التحليل,A
ما هو العنصر الأساسي في تطوير البرمجيات؟,التصميم,التحليل,الاختبار,التوثيق,A
ما هو الهدف من استخدام أدوات تدعم منهجيات محددة في تطوير البرمجيات؟,تحسين الأداء,تقليل التكاليف,زيادة الكفاءة,تسريع الإنتاج,C
ما هي الوظيفة الرئيسية للتقنيات المستخدمة في أمن المعلومات؟,التحقق,المراقبة,التحليل,الحماية,D
ما هو الإجراء الذي يتم اتخاذه للحفاظ على أمن المعلومات؟,التدقيق,التشفير,التصديق,التحكم في الوصول,D
ما هو الدور الأساسي للتقنيات في تقانة المعلومات؟,تحليل البيانات,تخزين المعلومات,تسهيل الاتصالات,تأمين الشبكات,C
ما هي العملية الأساسية في هندسة الأنظمة؟,التحليل,التصميم,التنفيذ,الصيانة,B
ما هو العنصر الأساسي في عتاد الحاسوب؟,المعالج,الذاكرة,اللوحة الأم,المزود بالطاقة,A
ما هو الجزء في الحاسوب الذي يتحكم في تشغيل الأجهزة الطرفية؟,المعالج,اللوحة الأم,البيوس,الذاكرة,C
ما هي الوظيفة الرئيسية للتقنيات المستخدمة في تقانة المعلومات؟,تحسين الاتصالات,تأمين البيانات,تسريع المعالجة,تخزين المعلومات,A
ما هو الهدف من استخدام التقنيات في تقانة المعلومات؟,تحسين الأداء,زيادة الأمان,تعزيز التعاون,تقليل التكاليف,D
ما هي العملية التي تحدث عندما يتم تحويل البيانات إلى معلومات مفيدة؟,التحليل,التخزين,المعالجة,النقل,C
ما هو الإجراء الذي يتم اتخاذه لتحسين أمن المعلومات؟,التشفير,التدقيق,التحكم في الوصول,المراقبة,B
ما هو العنصر الأساسي في تطوير البرمجيات الذي يضمن جودة المنتج النهائي؟,التصميم,الاختبار,التوثيق,الصيانة,B
ما هي العملية التي تضمن استمرارية الأعمال في حالة حدوث كوارث؟,التخطيط للطوارئ,التحليل الأمني,التدقيق الداخلي,التحكم في الوصول,A
ما هو الهدف من استخدام الأدوات التي تدعم منهجيات محددة في تطوير البرمجيات؟,تحسين الجودة,تقليل الأخطاء,زيادة الإنتاجية,تسريع التسليم,C
ما هي العملية التي تحدث عندما يتم تحويل البيانات الخام إلى معلومات قابلة للتحليل؟,التجميع,التحليل,التصنيف,المعالجة,B
ما هو الإجراء الذي يتم اتخاذه لتحسين تطوير البرمجيات؟,التحليل,التصميم,الاختبار,التوثيق,B
ما هو العنصر الأساسي في تقانة المعلومات الذي يضمن تبادل المعلومات بكفاءة؟,الشبكات,البرمجيات,الأجهزة,البيانات,A
ما هي العملية التي تضمن توافر المعلومات في أمن المعلومات؟,التشفير,التخزين,النسخ الاحتياطي,التحكم,B
ما هو الهدف من تقنيات أمن المعلومات؟,تحسين الأداء,حماية البيانات,زيادة السعة التخزينية,تسريع الاتصالات,B
ما هي العملية الأساسية في تطوير البرمجيات؟,التحليل,التصميم,التنفيذ,الصيانة,B
ما هي وظيفة الأدوات التي تدعم منهجيات محددة في تطوير البرمجيات؟,تسهيل الاتصال,تحسين الجودة,تقليل التكاليف,زيادة الأمان,B
ما هو العنصر الأساسي في تقانة المعلومات الذي يساعد في تحليل البيانات؟,الأجهزة,البرمجيات,الشبكات,الخوادم,B
ما هي العملية التي تضمن استمرارية الأعمال في حالة الكوارث؟,التحليل الأمني,التخطيط للطوارئ,التدقيق الداخلي,التحكم في الوصول,B
ما هو الدور الرئيسي لعتاد الحاسوب؟,تخزين البيانات,معالجة البيانات,نقل البيانات,إدخال البيانات,B
ما هي الوظيفة الأساسية للتقنيات المستخدمة في أمن المعلومات؟,تحسين الاتصالات,تأمين البيانات,تسريع المعالجة,تخزين المعلومات,B
ما هو الهدف من استخدام التقنيات في تقانة المعلومات؟,تحسين الأداء,زيادة الأمان,تعزيز التعاون,تقليل التكاليف,D
ما هي العملية التي تحدث عندما يتم تحويل البيانات إلى معلومات مفيدة؟,التحليل,التخزين,المعالجة,النقل,C
ما هو الإجراء الذي يتم اتخاذه لتحسين أمن المعلومات؟,التشفير,التدقيق,التحكم في الوصول,المراقبة,B
ما هو العنصر الأساسي في تطوير البرمجيات الذي يضمن جودة المنتج النهائي؟,التصميم,الاختبار,التوثيق,الصيانة,B
ما هي العملية التي تضمن استمرارية الأعمال في حالة حدوث كوارث؟,التخطيط للطوارئ,التحليل الأمني,التدقيق الداخلي,التحكم في الوصول,A
ما هو الهدف من استخدام الأدوات التي تدعم منهجيات محددة في تطوير البرمجيات؟,تحسين الجودة,تقليل الأخطاء,زيادة الإنتاجية,تسريع التسليم,C
ما هي العملية التي تحدث عندما يتم تحويل البيانات الخام إلى معلومات قابلة للتحليل؟,التجميع,التحليل,التصنيف,المعالجة,B
ما هو الإجراء الذي يتم اتخاذه لتحسين تطوير البرمجيات؟,التحليل,التصميم,الاختبار,التوثيق,B
ما هو العنصر الأساسي في تقانة المعلومات الذي يضمن تبادل المعلومات بكفاءة؟,الشبكات,البرمجيات,الأجهزة,البيانات,A
ما هي العملية التي تضمن توافر المعلومات في أمن المعلومات؟,التشفير,التخزين,النسخ الاحتياطي,التحكم في الوصول,C
ما هي العملية الأساسية في هندسة الأنظمة؟,التحليل,التصميم,التنفيذ,الصيانة,B
ما هو العنصر الأساسي في عتاد الحاسوب؟,المعالج,الذاكرة,اللوحة الأم,المزود بالطاقة,A
ما هو الجزء في الحاسوب الذي يتحكم في تشغيل الأجهزة الطرفية؟,المعالج,اللوحة الأم,البيوس,وحدة التحكم في الإدخال/الإخراج,B
ما هو الهدف الرئيسي من تقنيات أمن المعلومات؟,تحسين الأداء,حماية البيانات,زيادة السعة التخزينية,تسريع الاتصالات,B
ما هي العملية الأساسية في تطوير البرمجيات؟,التحليل,التصميم,التنفيذ,الصيانة,B
ما هي وظيفة الأدوات التي تدعم منهجيات محددة في تطوير البرمجيات؟,تسهيل الاتصال,تحسين الجودة,تقليل التكاليف,زيادة الأمان,B
ما هو العنصر الأساسي في تقانة المعلومات الذي يساعد في تحليل البيانات؟,الأجهزة,البرمجيات,الشبكات,الخوادم,B
ما هي العملية التي تضمن استمرارية الأعمال في حالة الكوارث؟,التحليل الأمني,التخطيط للطوارئ,التدقيق الداخلي,التحكم في الوصول,B
ما هو الدور الرئيسي لعتاد الحاسوب؟,تخزين البيانات,معالجة البيانات,نقل البيانات,إدخال البيانات,B
ما هي الوظيفة الأساسية للتقنيات المستخدمة في أمن المعلومات؟,تحسين الاتصالات,تأمين البيانات,تسريع المعالجة,تخزين المعلومات,B
ما هو الهدف من استخدام التقنيات في تقانة المعلومات؟,تحسين الأداء,زيادة الأمان,تعزيز التعاون,تقليل التكاليف,D
ما هي العملية التي تحدث عندما يتم تحويل البيانات إلى معلومات مفيدة؟,التحليل,التخزين,المعالجة,النقل,C
ما هو الإجراء الذي يتم اتخاذه لتحسين أمن المعلومات؟,التشفير,التدقيق,التحكم في الوصول,المراقبة,B
ما هو العنصر الأساسي في تطوير البرمجيات الذي يضمن جودة المنتج النهائي؟,التصميم,الاختبار,التوثيق,الصيانة,B
ما هي العملية التي تضمن استمرارية الأعمال في حالة حدوث كوارث؟,التخطيط للطوارئ,التحليل الأمني,التدقيق الداخلي,التحكم في الوصول,A
ما هو الهدف من استخدام الأدوات التي تدعم منهجيات محددة في تطوير البرمجيات؟,تحسين الجودة,تقليل الأخطاء,زيادة الإنتاجية,تسريع التسليم,C
ما هي العملية التي تحدث عندما يتم تحويل البيانات الخام إلى معلومات قابلة للتحليل؟,التجميع,التحليل,التصنيف,المعالجة,B
ما هو الإجراء الذي يتم اتخاذه لتحسين تطوير البرمجيات؟,التحليل,التصميم,الاختبار,التوثيق,B
ما هو العنصر الأساسي في تقانة المعلومات الذي يضمن تبادل المعلومات بكفاءة؟,الشبكات,البرمجيات,الأجهزة,البيانات,A
ما هي العملية التي تضمن توافر المعلومات في أمن المعلومات؟,التشفير,التخزين,النسخ الاحتياطي,التحكم في الوصول,C
ما هي العملية الأساسية في هندسة الأنظمة؟,التحليل,التصميم,التنفيذ,الصيانة,B
ما هو العنصر الأساسي في عتاد الحاسوب؟,المعالج,الذاكرة,اللوحة الأم,المزود بالطاقة,A
ما هو الجزء في الحاسوب الذي يتحكم في تشغيل الأجهزة الطرفية؟,المعالج,اللوحة الأم,البيوس,وحدة التحكم في الإدخال/الإخراج,B
ما الهدف الرئيسي لأمن المعلومات؟,تحسين الأداء,حماية البيانات,زيادة السعة التخزينية,تسريع الاتصالات,B
ما العملية الأساسية في تطوير البرمجيات؟,التحليل,التصميم,التنفيذ,الصيانة,B
ما وظيفة الأدوات التي تدعم منهجيات محددة في تطوير البرمجيات؟,تسهيل الاتصال,تحسين الجودة,تقليل التكاليف,زيادة الأمان,B
ما العنصر الأساسي في تقانة المعلومات الذي يساعد في تحليل البيانات؟,الأجهزة,البرمجيات,الشبكات,الخوادم,B
ما العملية التي تضمن استمرارية الأعمال في حالة الكوارث؟,التحليل الأمني,التخطيط للطوارئ,التدقيق الداخلي,التحكم في الوصول,B
ما الدور الرئيسي لعتاد الحاسوب؟,تخزين البيانات,معالجة البيانات,نقل البيانات,إدخال البيانات,B
ما الوظيفة الأساسية للتقنيات المستخدمة في أمن المعلومات؟,تحسين الاتصالات,تأمين البيانات,تسريع المعالجة,تخزين المعلومات,B
ما الهدف من استخدام التقنيات في تقانة المعلومات؟,تحسين الأداء,زيادة الأمان,تعزيز التعاون,تقليل التكاليف,D
ما العملية التي تحدث عندما يتم تحويل البيانات إلى معلومات مفيدة؟,التحليل,التخزين,المعالجة,النقل,C
ما الإجراء الذي يتم اتخاذه لتحسين أمن المعلومات؟,التشفير,التدقيق,التحكم في الوصول,المراقبة,B
ما العنصر الأساسي في تطوير البرمجيات الذي يضمن جودة المنتج النهائي؟,التصميم,الاختبار,التوثيق,الصيانة,B
ما العملية التي تضمن استمرارية الأعمال في حالة حدوث كوارث؟,التخطيط للطوارئ,التحليل الأمني,التدقيق الداخلي,التحكم في الوصول,A
ما الهدف من استخدام الأدوات التي تدعم منهجيات محددة في تطوير البرمجيات؟,تحسين الجودة,تقليل الأخطاء,زيادة الإنتاجية,تسريع التسليم,C
ما العملية التي تحدث عندما يتم تحويل البيانات الخام إلى معلومات قابلة للتحليل؟,التجميع,التحليل,التصنيف,المعالجة,B
ما الإجراء الذي يتم اتخاذه لتحسين تطوير البرمجيات؟,التحليل,التصميم,الاختبار,التوثيق,B
ما العنصر الأساسي في تقانة المعلومات الذي يضمن تبادل المعلومات بكفاءة؟,الشبكات,البرمجيات,الأجهزة,البيانات,A
ما العملية التي تضمن توافر المعلومات في أمن المعلومات؟,التشفير,التخزين,النسخ الاحتياطي,التحكم في الوصول,C
ما العملية الأساسية في هندسة الأنظمة؟,التحليل,التصميم,التنفيذ,الصيانة,B
ما العنصر الأساسي في عتاد الحاسوب؟,المعالج,الذاكرة,اللوحة الأم,المزود بالطاقة,A
ما الجزء في الحاسوب الذي يتحكم في تشغيل الأجهزة الطرفية؟,المعالج,اللوحة الأم,البيوس,وحدة التحكم في الإدخال/الإخراج,B
